{"count":1,"self":1.4854882,"total":1276.6930444,"children":{"InitializeActuators":{"count":1,"self":0.00099669999999999989,"total":0.00099669999999999989,"children":null},"InitializeSensors":{"count":1,"self":0.0009971,"total":0.0009971,"children":null},"AgentSendState":{"count":1123,"self":0.0029908,"total":0.019392299999999998,"children":{"CollectObservations":{"count":1123,"self":0.0019935,"total":0.0019935,"children":null},"WriteActionMask":{"count":1123,"self":0.0009968,"total":0.0009968,"children":null},"RequestDecision":{"count":1123,"self":0.0049391,"total":0.0134112,"children":{"AgentInfo.ToProto":{"count":1123,"self":0.0009965,"total":0.0084721,"children":{"GenerateSensorData":{"count":1123,"self":0.0074756,"total":0.0074756,"children":null}}}}}}},"DecideAction":{"count":1123,"self":1275.0974976,"total":1275.0975025999999,"children":null},"AgentAct":{"count":1123,"self":0.0777221,"total":0.08767019999999999,"children":{"AgentInfo.ToProto":{"count":1123,"self":0.0019963999999999997,"total":0.0099481,"children":{"GenerateSensorData":{"count":1123,"self":0.007951699999999999,"total":0.007951699999999999,"children":null}}}}}},"gauges":{"ArmAgent.CumulativeReward":{"count":1123,"max":0.153446972,"min":-1.56934285,"runningAverage":-1.19237149,"value":-0.16130197,"weightedAverage":-0.58216083}},"metadata":{"timer_format_version":"0.1.0","start_time_seconds":"1697600021","unity_version":"2022.3.9f1","command_line_arguments":"C:\\Users\\cfouo\\Desktop\\ArmEnv\\RobotArm.exe --mlagents-port 5005","communication_protocol_version":"1.5.0","com.unity.ml-agents_version":"2.3.0-exp.3","scene_name":"Simple_Arm","end_time_seconds":"1697601297"}}