{"count":1,"self":109.6161408,"total":109.8135138,"children":{"InitializeActuators":{"count":1,"self":0.00099399999999999987,"total":0.00099399999999999987,"children":null},"InitializeSensors":{"count":1,"self":0.00099739999999999985,"total":0.00099739999999999985,"children":null},"AgentSendState":{"count":5456,"self":0.0119528,"total":0.018930199999999998,"children":{"CollectObservations":{"count":1092,"self":0.0019955999999999997,"total":0.0019955999999999997,"children":null},"WriteActionMask":{"count":1092,"self":0.000997,"total":0.000997,"children":null},"RequestDecision":{"count":1092,"self":0.0039848,"total":0.0039848,"children":null}}},"DecideAction":{"count":5456,"self":0.014821899999999999,"total":0.014821899999999999,"children":null},"AgentAct":{"count":5456,"self":0.1606328,"total":0.1606328,"children":null}},"gauges":{"ArmAgent.CumulativeReward":{"count":1,"max":0,"min":0,"runningAverage":0,"value":0,"weightedAverage":0}},"metadata":{"timer_format_version":"0.1.0","start_time_seconds":"1695231583","unity_version":"2022.3.9f1","command_line_arguments":"D:\\GitHub\\RL_RobotArm_exe\\RobotArm.exe","communication_protocol_version":"1.5.0","com.unity.ml-agents_version":"2.3.0-exp.3","scene_name":"Simple_Arm","end_time_seconds":"1695231693"}}