{"count":1,"self":9.9277032,"total":9.969597499999999,"children":{"InitializeActuators":{"count":1,"self":0.00099669999999999989,"total":0.00099669999999999989,"children":null},"InitializeSensors":{"count":1,"self":0.0009976,"total":0.0009976,"children":null},"AgentSendState":{"count":464,"self":0.0019944999999999997,"total":0.0065223999999999994,"children":{"CollectObservations":{"count":93,"self":0.0029860999999999998,"total":0.0029860999999999998,"children":null},"WriteActionMask":{"count":93,"self":0,"total":0,"children":null},"RequestDecision":{"count":93,"self":0.0015417999999999999,"total":0.0015417999999999999,"children":null}}},"DecideAction":{"count":464,"self":0.0029622,"total":0.0029622,"children":null},"AgentAct":{"count":464,"self":0.029418299999999998,"total":0.029418299999999998,"children":null}},"gauges":{"ArmAgent.CumulativeReward":{"count":1,"max":0,"min":0,"runningAverage":0,"value":0,"weightedAverage":0}},"metadata":{"timer_format_version":"0.1.0","start_time_seconds":"1695136452","unity_version":"2022.3.9f1","command_line_arguments":"D:\\GitHub\\RL_RobotArm_exe\\RobotArm.exe","communication_protocol_version":"1.5.0","com.unity.ml-agents_version":"2.3.0-exp.3","scene_name":"Simple_Arm","end_time_seconds":"1695136461"}}